rownames,state,year,cpi,population,packs,income,tax,price,taxs
1,AL,1985,1.076,3973000,116.486,46014968,32.5,102.182,33.348
2,AR,1985,1.076,2327000,128.535,26210736,37.0,101.475,37.0
3,AZ,1985,1.076,3184000,104.523,43956936,31.0,108.579,36.17
4,CA,1985,1.076,26444000,100.363,447102816,26.0,107.837,32.104
5,CO,1985,1.076,3209000,112.964,49466672,31.0,94.267,31.0
6,CT,1985,1.076,3201000,109.278,60063368,42.0,128.025,51.483
7,DE,1985,1.076,618000,143.851,9927301,30.0,102.492,30.0
8,FL,1985,1.076,11352000,122.181,166919248,37.0,115.29,42.49
9,GA,1985,1.076,5963000,127.235,78364336,28.0,97.025,28.842
10,IA,1985,1.076,2830000,113.746,37902896,34.0,101.842,37.917
11,ID,1985,1.076,994000,103.018,11577261,25.1,102.899,29.058
12,IL,1985,1.076,11401000,123.208,176786352,28.0,104.44,28.915
13,IN,1985,1.076,5460000,137.637,71751616,26.5,96.18,31.08
14,KS,1985,1.076,2428000,116.68,34784360,32.0,98.923,34.881
15,KY,1985,1.076,3695000,186.035,42703144,19.0,87.001,23.143
16,LA,1985,1.076,4409000,127.557,53431900,32.0,108.394,36.169
17,MA,1985,1.076,5881000,115.678,98328688,42.0,112.208,42.0
18,MD,1985,1.076,4414000,120.979,74851664,29.0,91.967,29.0
19,ME,1985,1.076,1163000,128.117,14575292,36.0,107.048,41.097
20,MI,1985,1.076,9077000,128.005,133728040,37.0,104.914,37.831
21,MN,1985,1.076,4185000,112.903,63152360,34.0,113.65,40.433
22,MO,1985,1.076,5001000,130.374,69341920,29.0,99.338,29.855
23,MS,1985,1.076,2588000,117.04,25678534,27.583,105.293,33.543
24,MT,1985,1.076,822000,104.258,9785230,32.0,99.292,32.0
25,NC,1985,1.076,6255000,155.284,79104656,18.0,84.968,21.268
26,ND,1985,1.076,677000,105.465,8672948,34.0,106.808,38.108
27,NE,1985,1.076,1585000,107.382,21778072,34.0,104.607,38.023
28,NH,1985,1.076,997000,197.994,15767469,33.0,95.5,33.0
29,NJ,1985,1.076,7566000,116.521,133549208,41.0,110.417,41.0
30,NM,1985,1.076,1439000,88.742,17258916,28.0,102.778,31.953
31,NV,1985,1.076,951000,141.956,14581495,31.0,114.188,37.464
32,NY,1985,1.076,17794000,116.663,297728512,37.0,109.998,37.881
33,OH,1985,1.076,10736000,127.599,153455776,30.0,100.424,34.782
34,OK,1985,1.076,3272000,127.139,43395580,34.0,101.468,34.826
35,OR,1985,1.076,2673000,119.454,36205164,35.0,97.033,35.0
36,PA,1985,1.076,11772000,117.703,170033840,34.0,109.074,40.174
37,RI,1985,1.076,967000,132.782,14229156,39.0,100.942,39.0
38,SC,1985,1.076,3304000,127.209,38536176,23.0,90.641,27.316
39,SD,1985,1.076,698000,106.59,8340000,31.0,97.083,31.0
40,TN,1985,1.076,4716000,129.835,57749668,29.0,101.946,34.771
41,TX,1985,1.076,16275000,115.103,231003152,35.25,107.38,39.38
42,UT,1985,1.076,1643000,68.046,19462380,28.0,110.196,34.237
43,VA,1985,1.076,5716000,134.01,87361632,18.5,91.615,22.024
44,VT,1985,1.076,530000,145.283,6887097,33.0,100.983,33.0
45,WA,1985,1.076,4401000,96.228,64846548,39.0,129.461,47.469
46,WI,1985,1.076,4748000,107.877,65732720,41.0,114.59,46.457
47,WV,1985,1.076,1907000,112.847,20852964,33.0,108.911,38.186
48,WY,1985,1.076,500000,129.4,7116756,24.0,93.467,24.0
49,AL,1995,1.524,4262731,101.085,83903280,40.5,158.371,41.905
50,AR,1995,1.524,2480121,111.043,45995496,55.5,175.543,63.859
51,AZ,1995,1.524,4306908,71.954,88870496,65.333,198.607,74.791
52,CA,1995,1.524,31493524,56.859,771470144,61.0,210.505,74.771
53,CO,1995,1.524,3738061,82.583,92946544,44.0,167.35,44.0
54,CT,1995,1.524,3265293,79.472,104315120,74.0,218.281,86.355
55,DE,1995,1.524,718265,124.467,18237436,48.0,165.6,48.0
56,FL,1995,1.524,14185403,93.075,333525344,57.9,187.717,68.526
57,GA,1995,1.524,7188538,97.475,159800448,36.0,156.573,37.431
58,IA,1995,1.524,2840860,92.402,60170928,60.0,190.89,69.09
59,ID,1995,1.524,1165000,74.85,22868920,52.0,179.638,60.554
60,IL,1995,1.524,11884935,83.265,304767456,68.0,198.476,79.235
61,IN,1995,1.524,5791819,134.258,126525008,39.5,154.534,46.859
62,KS,1995,1.524,2586942,88.753,56626672,48.0,175.21,56.343
63,KY,1995,1.524,3855248,172.648,74079712,27.0,145.98,35.263
64,LA,1995,1.524,4327978,105.176,84572688,44.0,167.795,50.454
65,MA,1995,1.524,6062335,76.621,170051568,75.0,217.105,85.338
66,MD,1995,1.524,5023650,77.474,135115456,60.0,186.034,68.859
67,ME,1995,1.524,1237438,102.47,25045934,61.0,197.231,72.164
68,MI,1995,1.524,9659871,81.388,231594240,99.0,240.85,112.633
69,MN,1995,1.524,4605445,82.945,113216856,72.0,220.349,86.415
70,MO,1995,1.524,5324610,122.45,117639672,41.0,157.23,42.388
71,MS,1995,1.524,2690788,105.582,46241956,42.0,169.229,53.071
72,MT,1995,1.524,868522,87.16,16296835,42.0,156.217,42.0
73,NC,1995,1.524,7185403,121.538,157633568,29.0,149.994,34.769
74,ND,1995,1.524,641548,79.807,12243384,68.0,192.249,78.882
75,NE,1995,1.524,1635142,87.271,36293064,58.0,182.175,66.675
76,NH,1995,1.524,1145604,156.337,28649564,49.0,166.642,49.0
77,NJ,1995,1.524,7965523,80.371,233208576,64.0,203.087,75.495
78,NM,1995,1.524,1682417,64.669,31716160,45.0,176.146,53.388
79,NV,1995,1.524,1525777,93.526,39377292,59.0,206.599,72.516
80,NY,1995,1.524,18150928,70.817,503163328,80.0,221.858,88.533
81,OH,1995,1.524,11155493,111.38,255312928,48.0,165.891,55.9
82,OK,1995,1.524,3265547,108.68,63333300,47.0,170.135,55.102
83,OR,1995,1.524,3141421,92.156,71209312,62.0,190.3,62.0
84,PA,1995,1.524,12044780,95.643,285923232,55.0,176.163,64.971
85,RI,1995,1.524,989203,92.6,23786644,80.0,224.459,94.684
86,SC,1995,1.524,3699943,108.083,72050072,31.0,152.819,38.277
87,SD,1995,1.524,728251,97.219,14454129,47.0,168.038,53.463
88,TN,1995,1.524,5241168,122.32,114259984,37.0,167.067,49.375
89,TX,1995,1.524,18679706,73.079,402096768,65.0,198.202,76.219
90,UT,1995,1.524,1976774,49.272,37278220,50.5,180.976,59.118
91,VA,1995,1.524,6601392,105.387,161441792,26.5,166.661,34.436
92,VT,1995,1.524,582827,122.335,12448607,44.0,175.639,52.364
93,WA,1995,1.524,5431024,65.531,129680832,80.5,239.109,96.143
94,WI,1995,1.524,5137004,92.466,115959680,62.0,201.381,71.59
95,WV,1995,1.524,1820560,115.569,32611268,41.0,166.517,50.425
96,WY,1995,1.524,478447,112.238,10293195,36.0,158.542,36.0
